<?xml version="1.0" encoding="utf-8"?>
<!DOCTYPE install SYSTEM "http://dev.joomla.org/xml/1.5/component-install.dtd">
<install type="jfusion" version="1.5.0">
  <name>moodle</name>
  <author>Henk Wevers</author>
  <creationDate>20 October 2008</creationDate>
  <copyright>Copyright GPL (C) 2005 Open Source Matters. All rights reserved.</copyright>
  <license>http://www.gnu.org/licenses/gpl-2.0.html GNU/GPL</license>
  <authorEmail>admin@mijnbreincoach.nl</authorEmail>
  <authorUrl>www.mijnbreincoach.nl</authorUrl>
  <version>1.08.2</version>
  <description>JFusion (1.08+) plugin for Moodle Elearning 1.8+</description>
  <slave>3</slave>
  <dual_login>0</dual_login>
  <activity>0</activity>

  <files>
    <filename>auth.php</filename>
    <filename>jfusion.xml</filename>
    <filename>jfusion_plugin.php</filename>
    <filename>user.php</filename>
    <filename>loginhelper.php</filename>
    <filename>index.html</filename>
  </files>
  <params addpath="/administrator/components/com_jfusion/elements">
    <param name="database_type" type="text" size="20" default="mysql"
      description="DATABASE_TYPE" />
    <param name="database_host" type="text" size="20" default=""
      description="DATABASE_HOST" />
    <param name="database_name" type="text" size="20" default=""
      description="DATABASE_NAME" />
    <param name="database_user" type="text" size="20" default=""
      description="DATABASE_USER" />
    <param name="database_password" type="text" size="20" default=""
      description="DATABASE_PASSWORD" />
    <param name="@spacer" type="spacer" default="" label=""
      description="" />
    <param name="database_prefix" type="text" size="20" default=""
      description="DATABASE_PREFIX" />
    <param name="source_url" type="text" size="100"
      default="http://www.yourdomain.com/moodle/" description="SOURCE_URL" />
    <param name="source_path" type="text" size="100"
      default="" description="SOURCE_PATH" />
    <param name="@spacer" type="spacer" default="" label="" description="" />
    <param name="login_url" type="text" size="100"
      default="login/" description="LOGIN_URL" />
    <param name="loginform_id" type="text" size="100"
      default="login" description="LOGINFORM_ID" />
   <param name="logout_url" type="text" size="100"
      default="login/logout.php" description="LOGOUT_URL" />
    <param name="@spacer" type="spacer" default="" label="" description="" />
    <param name="usergroup" type="JFusionUsergroups" description="DEFAULT_USERGROUP" label="DEFAULT_USERGROUP" />
  </params>
</install>