<?xml version="1.0" encoding="utf-8"?>
<install type="module" version="1.5">
	<name>JFusion Login Module</name>
	<author>JFusion Development Team</author>
	<creationDate>June 2008</creationDate>
	<copyright>Copyright (C) 2008 JFusion. All rights reserved.</copyright>
	<license>http://www.gnu.org/licenses/gpl-2.0.html GNU/GPL</license>
	<authorEmail>webmaster@jfusion.org</authorEmail>
	<authorUrl>www.jfusion.org</authorUrl>
	<version>1.0.7</version>
	<description>
		This is the optional JFusion login module. The only difference
		between this module and the standard Joomla module, is the
		forgot password and register URL links.
	</description>
	<files folder="modules/mod_jfusion_login">
		<filename module="mod_jfusion_login">mod_jfusion_login.php</filename>
		<filename>index.html</filename>
		<filename>helper.php</filename>
   		<folder>tmpl</folder>
	</files>
	<languages folder="language/en-GB">
		<language tag="en-GB">en-GB.mod_jfusion_login.ini</language>
	</languages>
	<params addpath="/administrator/components/com_jfusion/elements">
		<param name="link_mode" type="list" default="direct" label="LINK_MODE"
			description="LINK_MODE_DESCR">
			<option value="wrapper">LINK_MODE_0</option>
			<option value="direct">LINK_MODE_1</option>
		</param>
		<param name="pretext" type="textarea" cols="20" rows="5"
			default="" label="PRE_TEXT" description="PRE_TEXT_DESCR" />
		<param name="posttext" type="textarea" cols="20" rows="5"
			default="" label="POST_TEXT" description="POST_TEXT_DESCR" />
		<param name="login" type="menuitem" default=""
			disable="separator" label="LOGIN_REDIRECT"
			description="LOGIN_REDIRECT_DESCR" />
		<param name="logout" type="menuitem" default=""
			disable="separator" label="LOGOUT_REDIRECT"
			description="LOGOUT_REDIRECT_DESCR" />
		<param name="name" type="list" default="0"
			label="DISPLAY_USERNAME_NAME" description="DISPLAY_NAME_USERNAME_DESCR">
			<option value="0">USERNAME</option>
			<option value="1">NAME</option>
		</param>
		<param name="usesecure" type="radio" default="0"
			label="ENCRYPT_FORM"
			description="ENCRYPT_FORM_DESCR">
			<option value="0">NO</option>
			<option value="1">YES</option>
		</param>
		<param name="show_lostpass" type="radio" default="1"
			label="LOST_PASSWORD" description="LOST_PASSWORD_DESCR">
			<option value="0">HIDE</option>
			<option value="1">SHOW</option>
		</param>
		<param name="show_lostusername" type="radio" default="1"
			label="LOST_USERNAME" description="LOST_USERNAME_DESCR">
			<option value="0">HIDE</option>
			<option value="1">SHOW</option>
		</param>
		<param name="show_newaccount" type="radio" default="1"
			label="CREATE_ACCOUNT" description="CREATE_ACCOUNT_DESCR">
			<option value="0">HIDE</option>
			<option value="1">SHOW</option>
		</param>
		<param name="greeting" type="radio" default="1" label="GREETING"
			description="GREETING_DESCR">
			<option value="0">NO</option>
			<option value="1">YES</option>
		</param>
		<param name="@spacer" type="spacer" default="" label=""
			description="" />
		<param name="JFusionPlugin" type="JFusionPlugins" default=""
			label="JFUSION_PLUGIN"
			description="JFUSION_PLUGIN_DESCR" />
		<param name="avatar" type="radio" default="1"
			label="AVATAR_IMAGE" description="AVATAR_IMAGE_DESCR">
			<option value="0">HIDE</option>
			<option value="1">SHOW</option>
		</param>
		<param name="pmcount" type="radio" default="1"
			label="PM_COUNT"
			description="PM_COUNT_DESCR">
			<option value="0">HIDE</option>
			<option value="1">SHOW</option>
		</param>
		<param name="viewnewmessages" type="radio" default="1"
			label="PM_NEW_LINK" description="PM_NEW_LINK_DESCR">
			<option value="0">HIDE</option>
			<option value="1">SHOW</option>
		</param>
	</params>
</install>
