<?xml version="1.0" encoding="utf-8"?>
<!DOCTYPE install SYSTEM "http://dev.joomla.org/xml/1.5/component-install.dtd">
<install type="jfusion" version="1.5.0">
	<name>ipb</name>
	<author>JFusion Development Team</author>
	<creationDate>June 2008</creationDate>
	<copyright>Copyright (C) 2008 JFusion. All rights reserved.</copyright>
	<license>http://www.gnu.org/licenses/gpl-2.0.html GNU/GPL</license>
	<authorEmail>webmaster@jfusion.org</authorEmail>
	<authorUrl>www.jfusion.org</authorUrl>
	<version>1.0</version>
	<description>IPB plugin for JFusion</description>
	<dual_login>0</dual_login>
	<slave>3</slave>
	<files>
		<filename>auth.php</filename>
		<filename>index.html</filename>
		<filename>jfusion.xml</filename>
		<filename>jfusion_plugin.php</filename>
		<filename>user.php</filename>
	</files>
  <params addpath="/administrator/components/com_jfusion/elements">
		<param name="database_type" type="text" size="20" default="" description="DATABASE_TYPE"/>
		<param name="database_host" type="text" size="20" default="" description="DATABASE_HOST"/>
		<param name="database_name" type="text" size="20" default="" description="DATABASE_NAME"/>
		<param name="database_user" type="text" size="20" default="" description="DATABASE_USER"/>
		<param name="database_password" type="text" size="20" default="" description="DATABASE_PASSWORD"/>
		<param name="database_prefix" type="text" size="20" default="" description="DATABASE_PREFIX"/>
		<param name="@spacer" type="spacer" default="" label=""	description="" />
		<param name="source_url" type="text" size="40" default="" description="SOURCE_URL" />
		<param name="source_path" type="text" size="100" default="" description="SOURCE_PATH" />
		<param name="cookie_domain" type="text" size="10" default="" description="COOKIE_DOMAIN" />
		<param name="cookie_path" type="text" size="40" default="/" description="COOKIE_PATH" />
		<param name="cookie_prefix" type="text" size="10" default="" description="COOKIE_PREFIX." />
		<param name="ipb_cookie_stronghold" type="text" size="40" default="ipb_stronghold" description="IPB_COOKIE_STRONGHOLD" />
		<param name="@spacer" type="spacer" default="" label=""	description="" />
		<param name="usergroup" type="JFusionUsergroups" description="DEFAULT_USERGROUP" label="DEFAULT_USERGROUP" />
	</params>
</install>
