<?xml version="1.0" encoding="utf-8"?>
<!DOCTYPE install SYSTEM "http://dev.joomla.org/xml/1.5/component-install.dtd">
<install type="component" version="1.5" method="upgrade">
	<name>jfusion</name>
	<creationDate>July 2008</creationDate>
	<author>JFusion Development Team</author>
	<authorEmail>webmaster@jfusion.org</authorEmail>
	<authorUrl>http://www.jfusion.org</authorUrl>
	<copyright>Copyright (C) 2008 JFusion. All rights reserved.</copyright>
	<license>http://www.gnu.org/licenses/gpl-2.0.html GNU/GPL</license>
	<version>1.1.0-001</version>
	<description></description>
	<installfile>jfusion.install.php</installfile>
 	<uninstallfile>jfusion.uninstall.php</uninstallfile>

	<files folder="components/com_jfusion">
		<filename>index.html</filename>
		<filename>jfusion.php</filename>
		<filename>controllers/controller.jfusion.php</filename>
		<filename>controllers/index.html</filename>
        <folder>view</folder>
	</files>

		<languages folder="language/en-GB">
			<language tag="en-GB">en-GB.com_jfusion.ini</language>
		</languages>

	<administration>
		<menu img="components/com_jfusion/images/jfusion.png" link="option=com_jfusion">
			JFusion
		</menu>
		<submenu>
			<menu img="components/com_jfusion/images/control.png" link="option=com_jfusion&amp;task=cpanel">
				Cpanel
			</menu>
			<menu img="components/com_jfusion/images/joomla_small.png" link="option=com_jfusion&amp;task=plugineditor&amp;jname=joomla_int">
				Joomla Options
			</menu>
			<menu img="components/com_jfusion/images/process.png" link="option=com_jfusion&amp;task=plugindisplay">
				Configuration
			</menu>
			<menu img="components/com_jfusion/images/add.png" link="option=com_jfusion&amp;task=pluginmanager">
				Plugin Manager
			</menu>
			<menu img="components/com_jfusion/images/user.png" link="option=com_jfusion&amp;task=syncoptions">
				New Usersync
			</menu>
			<menu img="components/com_jfusion/images/user.png" link="option=com_jfusion&amp;task=synchistory">
				Usersync History
			</menu>
			<menu img="components/com_jfusion/images/disconnect.png" link="option=com_jfusion&amp;task=loginchecker">
				Login Checker
			</menu>
			<menu img="components/com_jfusion/images/version.png" link="option=com_jfusion&amp;task=versioncheck">
				Versions
			</menu>
			<menu img="components/com_jfusion/images/info.png" link="option=com_jfusion&amp;task=help">
				Help
			</menu>
		</submenu>

		<files folder="administrator/components/com_jfusion">
			<filename>index.html</filename>
			<filename>admin.jfusion.php</filename>
			<filename>config.xml</filename>
			<filename>jfusion.install.php</filename>
			<filename>jfusion.uninstall.php</filename>
			<filename>controllers/controller.jfusion.php</filename>
			<filename>controllers/index.html</filename>
    		<folder>packages</folder>
    		<folder>images</folder>
    		<folder>js</folder>
    		<folder>css</folder>
    		<folder>models</folder>
	    	<folder>views</folder>
		    <folder>elements</folder>
		    <folder>plugins</folder>
		</files>

		<languages folder="administrator/language/en-GB">
			<language tag="en-GB">en-GB.com_jfusion.ini</language>
		</languages>
	</administration>
</install>
