<?xml version="1.0" encoding="utf-8"?>
<install type="module" version="1.5" method="upgrade">
	<name>JFusion Login Module</name>
	<author>JFusion Development Team</author>
	<creationDate>June 2008</creationDate>
	<copyright>Copyright (C) 2008 JFusion. All rights reserved.</copyright>
	<license>http://www.gnu.org/licenses/gpl-2.0.html GNU/GPL</license>
	<authorEmail>webmaster@jfusion.org</authorEmail>
	<authorUrl>www.jfusion.org</authorUrl>
	<version>1.1.2-001</version>
	<description>This is the optional JFusion login module. The only difference between this module and the standard Joomla module, is the forgot password and register URL links.</description>
	<files folder="modules/mod_jfusion_login">
		<filename module="mod_jfusion_login">mod_jfusion_login.php</filename>
		<filename>index.html</filename>
		<filename>helper.php</filename>
   		<folder>tmpl</folder>
	</files>
	<languages folder="language/en-GB">
		<language tag="en-GB">en-GB.mod_jfusion_login.ini</language>
	</languages>
	<params addpath="/administrator/components/com_jfusion/elements">
		<param name="cache" type="list" default="0" label="Caching" description="Select whether to cache the content of this module">
			<option value="0">Never</option>
		</param>
	<param name="moduleclass_sfx" type="text" default="" label="Module Class Suffix" description="PARAMMODULECLASSSUFFIX" />
		<param name="pretext" type="textarea" cols="20" rows="5"
			default="" label="PRE_TEXT" description="PRE_TEXT_DESCR" />
		<param name="posttext" type="textarea" cols="20" rows="5"
			default="" label="POST_TEXT" description="POST_TEXT_DESCR" />
		<param name="login" type="menuitem" default=""
			disable="separator" label="LOGIN_REDIRECT"
			description="LOGIN_REDIRECT_DESCR" />
		<param name="logout" type="menuitem" default=""
			disable="separator" label="LOGOUT_REDIRECT"
			description="LOGOUT_REDIRECT_DESCR" />
		<param name="name" type="list" default="0"
			label="DISPLAY_USERNAME_NAME" description="DISPLAY_USERNAME_NAME_DESCR">
			<option value="0">USERNAME</option>
			<option value="1">NAME</option>
		</param>
		<param name="usesecure" type="radio" default="0"
			label="ENCRYPT_FORM"
			description="ENCRYPT_FORM_DESCR">
			<option value="0">NO</option>
			<option value="1">YES</option>
		</param>
		<param name="show_rememberme" type="radio" default="1"
			label="REMEMBER_ME" description="REMEMBER_ME_DESCR">
			<option value="0">HIDE</option>
			<option value="1">SHOW</option>
		</param>
		<param name="@spacer" type="spacer" default="" label=""	description="" />
        <param name=" " type="helptext" default="ITEMID_DESCR"/>
		<param name="link_itemid" type="JFusionItemid" size="5" default="" description="ITEMID_DESCR" label="ITEMID" />
		<param name="lostpassword_url" label="LOST_PASSWORD_URL" type="text" size="50" default="" description="LOST_PASSWORD_URL_DESCR" />
		<param name="lostpassword_show" type="radio" default="1"
			label="LOST_PASSWORD" description="LOST_PASSWORD_DESCR">
			<option value="0">HIDE</option>
			<option value="1">SHOW</option>
		</param>
		<param name="lostusername_url" label="LOST_USERNAME_URL" type="text" size="50" default="" description="LOST_USERNAME_URL_DESCR" />
		<param name="lostusername_show" type="radio" default="1"
			label="LOST_USERNAME" description="LOST_USERNAME_DESCR">
			<option value="0">HIDE</option>
			<option value="1">SHOW</option>
		</param>
		<param name="register_url" label="REGISTER_URL" type="text" size="50" default="" description="REGISTER_URL_DESCR" />
		<param name="register_show" type="radio" default="1"
			label="CREATE_ACCOUNT" description="CREATE_ACCOUNT_DESCR">
			<option value="0">HIDE</option>
			<option value="1">SHOW</option>
		</param>
		<param name="greeting" type="radio" default="1" label="GREETING"
			description="GREETING_DESCR">
			<option value="0">NO</option>
			<option value="1">YES</option>
		</param>
		<param name="@spacer" type="spacer" default="" label=""	description="" />
		<param name="JFusionPlugin" type="JFusionActivePlugins" default=""
			label="JFUSION_PLUGIN"
			description="JFUSION_PLUGIN_DESCR" />

		<param name="avatar" type="radio" default="1"
			label="AVATAR_IMAGE" description="AVATAR_IMAGE_DESCR">
			<option value="0">HIDE</option>
			<option value="1">SHOW</option>
		</param>
		<param name="avatar_software" type='list' default='jfusion'
			label="AVATAR_SOFTWARE"
			description="AVATAR_SOFTWARE_DESC">
				<option value='cb'>Community Builder</option>
				<option value='gravatar'>Gravatar</option>
				<option value='jfusion'>JFusion</option>
				<option value='jomsocial'>JomSocial</option>
				<option value='joomunity'>Joomunity</option>
		</param>
		<param name="pmcount" type="radio" default="1"
			label="PM_COUNT"
			description="PM_COUNT_DESCR">
			<option value="0">HIDE</option>
			<option value="1">SHOW</option>
		</param>
		<param name="viewnewmessages" type="radio" default="1"
			label="PM_NEW_LINK" description="PM_NEW_LINK_DESCR">
			<option value="0">HIDE</option>
			<option value="1">SHOW</option>
		</param>
	</params>
</install>
