<?xml version="1.0" encoding="utf-8"?>
<install version="1.5" type="module">
	<name>JFusion Activity Module</name>
	<author>JFusion Development Team</author>
	<creationDate>June 2008</creationDate>
	<copyright>Copyright (C) 2008 JFusion. All rights reserved.</copyright>
	<license>http://www.gnu.org/licenses/gpl-2.0.html GNU/GPL</license>
	<authorEmail>webmaster@jfusion.org</authorEmail>
	<authorUrl>www.jfusion.org</authorUrl>
	<version>1.0.7c</version>
	<description>
		This is the JFusion activity module, that displays the latest
		posts from the integrated forum software.
	</description>
	<files  folder="modules/mod_jfusion_activity">
		<filename module="mod_jfusion_activity">mod_jfusion_activity.php</filename>
	</files>

	<languages folder="language/en-GB">
		<language tag="en-GB">en-GB.mod_jfusion_activity.ini</language>
	</languages>

	<params addpath="/administrator/components/com_jfusion/elements">
		<param name="moduleclass_sfx" type="text" default=""
			label="MODULE_SUFFIX" description="MODULE_SUFFIX_DESCR" />

		<param name="@spacer" type="spacer" default="" label=""
			description="" />

		<param name="JFusionPlugins" type="ActivityPlugins" default=""
			label="JFUSION_PLUGIN"
			description="JFUSION_PLUGIN_DESCR" />

		<param name="link_mode" type="list" default="direct" label="LINK_MODE"
			description="LINK_MODE_DESCR">
			<option value="wrapper">LINK_MODE_0</option>
			<option value="direct">LINK_MODE_1</option>
		</param>

		<param name="WRAPPER_OPTIONS" type="helptext" default="WRAPPER_OPTIONS_DESCR" label=""
			description="" />

		<param name="mode" type="list" default="0" label="MODE"
			description="MODE_DESCR">
			<option value="0">LAT</option>
			<option value="1">LCT</option>
			<option value="2">LCP</option>
		</param>

		<param name="linktype" type="list" default="0" label="LINK_TYPE"
			description="LINK_TYPE_DESCR">
			<option value="0">THREAD</option>
			<option value="1">POST</option>
		</param>

		<param name="display_body" type="list" default="0"
			label="DISPLAY_BODY" description="DISPLAY_BODY_DESCR">
			<option value="0">DISPLAY_BODY_0</option>
			<option value="1">DISPLAY_BODY_1</option>
			<option value="2">DISPLAY_BODY_2</option>
			<option value="3">DISPLAY_BODY_3</option>
		</param>

		<param name="forum_mode" type="radio" default="0" label="FORUM_MODE"
			description="FORUM_MODE_DESCR">
			<option value="0">FORUM_MODE_0</option>
			<option value="1">FORUM_MODE_1</option>
		</param>

		<param name="selected_forums" type="forumlist" default=""
			label="SELECTED_FORUMS"
			description="SELECTED_FORUMS_DESCR" />

		<param name="@spacer" type="spacer" default="" label=""
			description="" />

		<param name="display_limit" type="text" size="5" default="150"
			label="DISPLAY_LIMIT"
			description="DISPLAY_LIMIT_DESC" />

		<param name="display_limit_subject" type="text" size="5" default="50"
			label="DISPLAY_LIMIT_SUBJECT"
			description="DISPLAY_LIMIT_SUBJECT_DESC" />

		<param name="result_limit" type="text" size="5" default="5"
			label="RESULT_LIMIT" description="RESULT_LIMIT_DESCR" />

		<param name="custom_date" type="text" default=""
			label="CUSTOM_DATE"
			description="CUSTOM_DATE_DESCR" />

		<param name="tz_offset" type="text" default="0"
			label="TZ_OFFSET"
			description="TZ_OFFSET_DESCR" />

		<param name="result_order" type="radio" default="1"
			label="RESULT_ORDER"
			description="RESULT_ORDER_DESCR">
			<option value="0">ASCENDING</option>
			<option value="1">DESCENDING</option>
		</param>

		<param name="showdate" type="radio" default="1"
			label="SHOW_DATE" description="SHOW_DATE_DESC">
			<option value="0">NO</option>
			<option value="1">YES</option>
		</param>

		<param name="showuser" type="radio" default="1"
			label="SHOW_USER"
			description="SHOW_USER_DESCR">
			<option value="0">NO</option>
			<option value="1">YES</option>
		</param>

		<param name="userlink" type="radio" default="0"
			label="USERNAME_LINK"
			description="USERNAME_LINK_DESCR">
			<option value="0">NO</option>
			<option value="1">YES</option>
		</param>
		<param name="debug" type="list" default=""
			label="DEBUG"
			description="DEBUG_DESCR">
			<option value="">DEBUG_0</option>
			<option value="1">DEBUG_1</option>
		</param>
	</params>
</install>

